X,Archaea_unknown,Aenigmarchaeota,Altiarchaeota,Asgardarchaeota,Thaumarchaeota,Euryarchaeota,Hadarchaeota,Halobacterota,Hydrothermarchaeota,Iainarchaeota,Micrarchaeota,Nanoarchaeota,Thermoplasmatota,10bav-F6,Bacteria_unknown,Abditibacteriota,Acetothermia,Acidobacteriota,Actinobacteriota,AncK6,Armatimonadota,BHI80-139,Bacteroidota,Bdellovibrionota,CK-2C2-2,Caldatribacteriota,Caldisericota,Calditrichota,Campilobacterota,Chloroflexi,Chrysiogenetota,Cloacimonadota,Cyanobacteria,DTB120,Dadabacteria,Deferribacterota,Deferrisomatota,Deinococcota,Dependentiae,Desantisbacteria,Desulfobacterota,Edwardsbacteria,Elusimicrobiota,Entotheonellaeota,FCPU426,FW113,Fermentibacterota,Fibrobacterota,Firestonebacteria,Firmicutes,Fusobacteriota,GAL15,GN01,Gemmatimonadota,Halanaerobiaeota,Hydrogenedentes,Hydrothermae,LCP-89,Latescibacterota,MAT-CR-M4-B07,MBNT15,Margulisbacteria,Marinimicrobia_(SAR406_clade),Methylomirabilota,Modulibacteria,Myxococcota,NB1-j,NKB15,Nitrospinota,Nitrospirota,PAUC34f,Patescibacteria,Planctomycetota,Poribacteria,Proteobacteria,RCP2-54,SAR324_clade(Marine_group_B),Schekmanbacteria,Spirochaetota,Sumerlaeota,Sva0485,Synergistota,TA06,TX1A-33,Thermodesulfobiota,Verrucomicrobiota,WOR-1,WPS-2,WS1,WS2,WS4,Zixibacteria
Bashkortostan_drained_fen,17.16666667,1.666666667,0.166666667,0,351.8333333,0.5,0,1.5,0,0,0.333333333,28.83333333,14.33333333,0,114.1666667,0.166666667,0.333333333,3039.5,2733.166667,0,76.5,0,3168.666667,125.5,0,25.66666667,0.166666667,1.166666667,2.166666667,2943.833333,0,0.166666667,37.5,0.333333333,7.333333333,0,0.333333333,0,66,0.166666667,479,0,71.5,39.83333333,1.666666667,0.5,0,37.5,0.166666667,383.8333333,0,1.5,0.833333333,1260.166667,0,20,0,1.166666667,452.5,0,262.1666667,0.666666667,0,308,0,2065.166667,141.8333333,0,1.333333333,334.3333333,1.166666667,152.3333333,1170.833333,0,7731.5,104.8333333,7.833333333,0.166666667,53.5,16.33333333,104.5,0.166666667,4,0.333333333,0,864.5,0.333333333,3.333333333,1.166666667,19.5,0.5,32.16666667
Bashkortostan_drained_floodplain_1,0,0.444444444,0.555555556,0,289.4444444,130.6666667,0,210.4444444,0,0,0.333333333,8.333333333,28,0,126.8888889,3.777777778,0,7131.333333,4257.888889,0,197.1111111,0,2798.444444,143.3333333,0,0.666666667,0,0,2.111111111,3765.111111,0,0.888888889,199.3333333,0,0,0,0.555555556,0.111111111,95,0,396.3333333,0,203.4444444,0.111111111,4.444444444,0.111111111,0,24.11111111,0.222222222,697.1111111,0.111111111,0,0,1485.222222,0.111111111,3.888888889,0,0.111111111,266.3333333,0,65.55555556,0,0,199.4444444,0,2103.444444,43.11111111,0,0.444444444,240.3333333,0,193.2222222,2478.444444,0.111111111,11520,106.2222222,22.22222222,0,35.77777778,19.88888889,16,0.111111111,0.111111111,0,0,2980.777778,0.222222222,47,1.333333333,9.222222222,1.333333333,3.777777778
Bashkortostan_drained_floodplain_2,0.777777778,0.666666667,1.666666667,0.222222222,455.8888889,153.1111111,1.111111111,159.4444444,0,0.222222222,0.222222222,131.4444444,70.22222222,0,109.2222222,2,0,3210.666667,3167.111111,0,71.11111111,0,3787.333333,176.3333333,0,0.222222222,0.222222222,0,20.66666667,3550.444444,0,4,115.1111111,0,0,0,0.222222222,0,99.88888889,0,1603.111111,0.111111111,56.44444444,0,14.11111111,0.111111111,0,30.22222222,0,825.8888889,0.222222222,0,0.555555556,1067.777778,0.666666667,9.555555556,0,2.333333333,47.66666667,0,21,0.666666667,20,33.44444444,0.444444444,668.7777778,0.333333333,0,0.222222222,308.6666667,0,697.7777778,567.2222222,0,9061.555556,109.3333333,25.33333333,0.333333333,66.88888889,12.88888889,359.2222222,0.111111111,1.444444444,0,0,1028.666667,0.222222222,207.2222222,2.111111111,1.111111111,2.444444444,12.88888889
Bashkortostan_fen,7.666666667,4.444444444,0,2.333333333,160.1111111,3.666666667,0.222222222,1.111111111,0,0.222222222,34.33333333,179.1111111,203.1111111,0,147,0.222222222,0,1395,1414.333333,0,101.6666667,0,7413.555556,193.7777778,1.333333333,21.66666667,6.111111111,15.11111111,1819.666667,5162.111111,0,10.66666667,99,0,0,0,0,0,106.7777778,0.111111111,2961.555556,0,52.22222222,3.111111111,26.66666667,1.222222222,12.33333333,95.11111111,0.444444444,935.3333333,25.33333333,0,3.333333333,340.7777778,0,29.11111111,0,76.44444444,232.6666667,0,53.44444444,1.888888889,0.333333333,6.888888889,14.11111111,889.1111111,131.8888889,0,0.222222222,267.6666667,1.666666667,855.5555556,1920,2.777777778,10416.22222,6.111111111,19.66666667,0.222222222,470.6666667,21.33333333,117.6666667,0.333333333,48,0,0,860.3333333,19.77777778,5.666666667,29.33333333,14.22222222,1.111111111,161.2222222
Borneo_drained_swamp,27.52941176,0.117647059,0,0,4501.235294,0,0,2.294117647,0,0,15.64705882,0.529411765,4729.529412,0,79,0.352941176,0,11579.58824,3105.588235,0,511.9411765,0,246.8235294,206.4705882,0,1.411764706,0,0.058823529,0,99.17647059,0,0.058823529,489.2941176,0,0,0,0,0,116.0588235,0,3.529411765,0,98.76470588,0,277.1764706,0,0,0,0,99.35294118,0.117647059,93.58823529,0,25.41176471,0,0.176470588,0,0,0.294117647,0,0.294117647,0,1.882352941,0.235294118,0,291.5294118,0.176470588,0,1.411764706,0.764705882,0,18.11764706,2923.529412,0,15536.23529,1196.470588,2.529411765,0,25.29411765,0.117647059,0.294117647,0,0.058823529,0,0,1804.647059,0,3486.764706,0,0,0,0
Borneo_swamp_forest,3.611111111,0.055555556,0,0,2796.166667,0.222222222,0,0.833333333,0,0,9.222222222,2.166666667,2759.722222,0,221.3333333,0.333333333,0,10476.55556,1883.166667,0,95.66666667,0,439.3333333,129.8888889,0,0.888888889,0,0,0.111111111,90.5,0,0.055555556,138.2222222,0,0,0,0,0,113.6666667,0,8.5,0,51.5,0.111111111,84.72222222,0,0,1.388888889,0,379.5,0.055555556,73.05555556,0,136.7222222,0,0.111111111,0,0,0.611111111,0,7.444444444,0,0,13.61111111,0,582.8888889,0.666666667,0,0.944444444,3.166666667,0,25,2915.722222,0,12525.55556,1187.388889,33.05555556,0,109.5,0.333333333,0.666666667,0,0,0,0,2003.777778,0,1481.833333,0.055555556,0.5,0,0.111111111
Brazil_drained_floodplain,16.77777778,12,12.22222222,4.888888889,1382.333333,67.22222222,1.222222222,174.4444444,0,0.111111111,11.66666667,152.6666667,19.22222222,0,1375,3,6,7213.222222,1758,2,86.33333333,0,3151,136.4444444,0.333333333,0,0,41,10.88888889,10072.11111,0,0,167.7777778,0,260.6666667,0,9.444444444,0.111111111,150.5555556,0,5388.111111,0.222222222,93.88888889,297.6666667,22.11111111,0.222222222,0,76.55555556,0.111111111,1261,2.777777778,8.888888889,0.222222222,702.8888889,0,18.11111111,0,1.111111111,1206.555556,0,1091.666667,1.111111111,0.111111111,3395.888889,2,3230.666667,2061.777778,0,0.222222222,1251.777778,2.777777778,263.8888889,5030.666667,2,18794.88889,200,33.33333333,0,382.1111111,38.33333333,2168.444444,0,3.888888889,0,0,1958.333333,5.666666667,6.777777778,5,6.888888889,1.666666667,147.6666667
Brazil_floodplain,41.44444444,16.88888889,4.666666667,19,1848.666667,151.5555556,0.333333333,102.1111111,0,1.777777778,8.444444444,578.2222222,23.44444444,0.111111111,978.3333333,2.777777778,29.77777778,4929.555556,5375.777778,0.222222222,64.66666667,0,4680.666667,124.7777778,0.666666667,0.888888889,0,697.7777778,247.1111111,11920.11111,0,0.444444444,68.22222222,0.111111111,626.6666667,0,57.77777778,0,240.1111111,0.111111111,10459.66667,0,46,567.6666667,9.777777778,2.777777778,0.111111111,76.88888889,0,2088.777778,27.33333333,1.777777778,0,1608.666667,0.111111111,33.88888889,0,10,1570.777778,0,2390.666667,0.555555556,4.111111111,2403,6,3143,2576.222222,1.555555556,10,3042.222222,5.222222222,545.5555556,5941.666667,2.111111111,23095.33333,148.5555556,43.66666667,0.444444444,467.6666667,81.66666667,674.1111111,0,0.111111111,0,0,1632.666667,35.33333333,6.777777778,9.444444444,9.888888889,1.444444444,235.3333333
Catalonia_transitional_bog,0.555555556,0,0,0,9.555555556,0.555555556,0,3.222222222,0,0,0.555555556,19.77777778,1.555555556,0,70.44444444,2.555555556,0.111111111,4601.888889,1806.888889,0,159.5555556,0,1642.666667,176.4444444,0,0.666666667,0,0,0.555555556,887.1111111,0,0,149.8888889,0,0,0,0,0,55.33333333,0,252.8888889,0,93.55555556,1.111111111,35.88888889,0,0,26.44444444,1.777777778,223.4444444,0.333333333,0,0,121.7777778,0,1.555555556,0,0,66.55555556,0,50.44444444,0.222222222,0.111111111,102.8888889,0,1297.666667,45.66666667,0,0.111111111,62.11111111,0,168.8888889,3092.333333,0,8752.555556,49,15.33333333,0,29.55555556,10.44444444,2.666666667,0,0.222222222,0,0,2886.333333,0.111111111,130.4444444,0,0.555555556,0.444444444,8.777777778
Colombia_drained_paramo,13.66666667,18.44444444,14.77777778,19.55555556,729.2222222,71.44444444,1.444444444,572.3333333,0,0.555555556,96.77777778,490.2222222,269,0,469.6666667,0.444444444,10.22222222,16354.88889,1206.666667,0.222222222,233.2222222,0,7043.888889,423.8888889,1.444444444,4,4.222222222,1.333333333,0.111111111,9347.888889,0,1,102.4444444,0,1.888888889,0,0.333333333,0.111111111,333.3333333,0.333333333,5950.777778,0.222222222,254.8888889,0.777777778,86.44444444,0,0,386.3333333,6,2706,1.111111111,1.222222222,2.666666667,210.1111111,0,25.33333333,0,4.555555556,156.5555556,0,434.1111111,18.55555556,3.111111111,618.5555556,0.111111111,2772.111111,410.2222222,0,1.888888889,2355.777778,0,1001.555556,7616.777778,0,15679.77778,285.6666667,109.4444444,0,2030,76.33333333,850.8888889,0,2.777777778,0,0,5068.666667,37.88888889,77.77777778,11.44444444,2.777777778,10.11111111,171.6666667
Colombia_paramo,0.555555556,9.555555556,15.66666667,22.77777778,567.3333333,1.222222222,0,468.6666667,0,0,85.77777778,183.2222222,199.1111111,0,198.5555556,0.666666667,0,12065.11111,880.1111111,0,347,0,1990.444444,388.3333333,4,0.666666667,0,0,0.333333333,3241.555556,0,0,527.3333333,0,0,0,0,0,115.6666667,0,1312.777778,2.777777778,397,0,153.2222222,0,0,123.2222222,18.11111111,226.2222222,0.333333333,5.777777778,0,161.7777778,0,10.88888889,0,0,38.22222222,0,1.777777778,2.777777778,3.555555556,69.33333333,0,2531.777778,81.33333333,0,0,403,0,267.7777778,7483.555556,0,11913.22222,233.7777778,174.6666667,0,831.3333333,27.22222222,58.11111111,0,79.44444444,0,10.88888889,5037.777778,5.222222222,2678.777778,16,0.222222222,11.22222222,6.777777778
Estonia_drained_floodplain,1,0.111111111,0,0,438.8888889,2.888888889,0,2.777777778,0,0.111111111,0.222222222,12.55555556,2.333333333,0,139.6666667,0.222222222,0,3743.333333,5235.777778,0.111111111,63.77777778,0,2062,126,0,0.222222222,0,1,0.555555556,1567.777778,0,0.333333333,123.4444444,0,0.666666667,0,0.222222222,0,64,0,612.4444444,0,53.77777778,134,5.333333333,0.333333333,0,30,0,325.1111111,0,0.333333333,0.111111111,579.5555556,0,6.777777778,0,0,299.5555556,0,152.4444444,0,0.111111111,863.4444444,0,2228.111111,274.3333333,0,1.444444444,475.5555556,0.555555556,87.66666667,2207.222222,0,8269.555556,29.11111111,22.11111111,0,11.55555556,12.55555556,27.33333333,0,0,0,0,2431,0,3,0.111111111,3.222222222,0.777777778,9.666666667
Estonia_floodplain,6.444444444,6.333333333,7.222222222,1.333333333,374.5555556,246.8888889,0.222222222,155.8888889,0,0,8.111111111,137.6666667,50.88888889,0,254.6666667,0.222222222,0,4375,3186.777778,0.888888889,108.8888889,0,3530.444444,126.6666667,0,2.666666667,0.666666667,1,13.66666667,3985.666667,0,1.777777778,67.66666667,0,4.444444444,0,0.555555556,0,136.8888889,0,2077,0,77.66666667,70.44444444,16.88888889,0,0,70.55555556,2,742.3333333,17.22222222,0,3.555555556,482.5555556,0,11.77777778,0,5.111111111,291.5555556,0,335.6666667,1.222222222,0.666666667,795.6666667,1.111111111,2277.666667,419.6666667,0.111111111,0.333333333,695.2222222,1.111111111,290.4444444,2833.777778,1.666666667,13154.22222,81.55555556,36.55555556,0,309.1111111,14.77777778,511.1111111,0.111111111,11.33333333,0.111111111,0,2875.222222,2.333333333,5.333333333,4.666666667,10.88888889,1.888888889,41
Finland_drained_fen,6,0.166666667,0.111111111,4.055555556,541.7222222,81.27777778,0,412,0,0.333333333,17.61111111,234.7777778,61.94444444,0,359.5555556,7.333333333,0.055555556,22359.72222,5695.055556,0,804.9444444,0.222222222,10400.22222,766.5,0.055555556,1.277777778,0,0.055555556,18.83333333,5212.111111,0,0.111111111,1095.722222,0.055555556,0,0,0.055555556,0,767.5,0,4049.333333,0.277777778,498.9444444,0.222222222,473.2777778,0,0,370.4444444,1.333333333,773.1666667,0.111111111,0.444444444,0,251.0555556,0,8.055555556,0,0,86.61111111,0,60.88888889,2.166666667,10,71.55555556,0,3874.222222,2.666666667,0,2.388888889,2103.111111,0,2564.333333,7283.111111,0,32675.27778,709.6666667,94.83333333,0,2899,29.61111111,423.7777778,0,7.666666667,0,2.444444444,14055.88889,6.333333333,652.9444444,7.555555556,0.611111111,15.66666667,0.944444444
Finland_fen,85,182.7777778,209.5555556,119.1111111,3855.444444,312.1111111,10.11111111,3755.111111,0,3.888888889,334.7777778,2428.555556,2123.666667,0,693.7777778,1.222222222,0.555555556,9761.444444,2472.444444,0.111111111,703.6666667,0,17226,229.8888889,13.33333333,135.6666667,160.1111111,3,9.777777778,21345.44444,0,6.111111111,2038.666667,0,0,0,0,0,155.3333333,29.33333333,10205.22222,96.66666667,574.8888889,0,297,0,0,1364.333333,101.5555556,2120.444444,296.1111111,0,84.22222222,101.2222222,0,103.7777778,0,89.66666667,757,0,254.3333333,22.77777778,7.444444444,627.6666667,111.2222222,2527.555556,1.888888889,0.111111111,20.77777778,570.2222222,1.111111111,3255.777778,8179.777778,7.222222222,10280.33333,7.555555556,77.11111111,0,3461.666667,148.3333333,8197.333333,0,268.3333333,0,0.222222222,8720.666667,182.7777778,49.66666667,103.5555556,60.55555556,19.44444444,595.8888889
Florida_restored_wetland_dry,22.66666667,34.66666667,0.166666667,0,2168.5,242,3.166666667,1158.5,0,1.333333333,18.83333333,214.6666667,786,0,272.3333333,3.833333333,203,3512.5,1481,8.166666667,156.1666667,0,1840.5,202,0,0,0,12,0,6256.666667,0,0,1023.5,71.16666667,356.3333333,0,4.833333333,0.166666667,127.8333333,0,858.6666667,0,74.16666667,691.8333333,9,0.333333333,0,44.16666667,1.166666667,1261.666667,0.166666667,116,0,1080.666667,0,7.5,6,0,352.8333333,0,158.1666667,0.5,0,1973.666667,3.833333333,2130,275.3333333,0,5.333333333,2003.833333,2.666666667,444.8333333,2987.666667,0,12092.16667,63.16666667,16.33333333,0,97.5,23,552.1666667,0,0,0.666666667,0,796.3333333,2.666666667,9.833333333,2.166666667,4.666666667,11.16666667,147.1666667
Florida_restored_wetland_wet,25.66666667,342.3333333,205.6666667,17.66666667,7537.333333,274.6666667,57.33333333,1451,18,1.333333333,76.33333333,666.3333333,2238.666667,0,320.6666667,6,18.66666667,2344,1066.666667,0.666666667,132.3333333,0,1752.666667,18.66666667,0.666666667,3,0,12.33333333,60,8380.666667,0,0,85.66666667,11.66666667,10.66666667,0,13.66666667,0,246.3333333,7.666666667,3653.666667,9.333333333,110,35.66666667,21.33333333,0,0,30,0,586.6666667,15,108.6666667,2.666666667,769.3333333,0,18,0,33.66666667,240.6666667,0,435.3333333,11.33333333,0,2010.333333,69,1077.333333,58.66666667,0,3.333333333,4975.333333,2.666666667,874.6666667,1669.666667,7.666666667,13463.66667,101,40.66666667,9.333333333,695.6666667,55.33333333,4098.666667,0,69.66666667,0,0,1603,49,1,19.33333333,11,5,191
Florida_swamp_forest_1,9.333333333,17.33333333,1.666666667,1.583333333,625.1666667,1076.75,1.333333333,353.4166667,0,0.166666667,2.666666667,168.8333333,193.25,0.166666667,402.25,1.25,0.083333333,7128.666667,7215.916667,2.416666667,268.0833333,0,4831,542,0,0.5,0,7.75,1,6692.166667,0,0.416666667,282.1666667,0,96.25,0,0.666666667,0,761.6666667,0,1978.5,0.083333333,152.8333333,179.25,36.75,0.083333333,0,49.41666667,0.333333333,1325.166667,0.25,1.333333333,4.25,1168.583333,0,40.5,0,1.166666667,556.3333333,0,250.75,2,0.916666667,1155.25,0.833333333,4393.5,1326.75,0,0,664.1666667,2.666666667,511.1666667,6335,0,23445.58333,60.91666667,122.4166667,0,573.5,44.91666667,1168.083333,0,11.33333333,0,0,2432.333333,0,22.75,5.75,12.75,6.333333333,67.5
Florida_swamp_forest_2,11.25,47.16666667,1.083333333,4.5,1158.833333,644.0833333,2.666666667,289.5833333,0,0.166666667,7.166666667,267.1666667,217,0,426.5833333,1,11.75,5736.5,2644.25,4.833333333,159.6666667,0,5801,477.4166667,0.333333333,0.25,0.166666667,31.33333333,2.166666667,5167.583333,0,1,206,0.75,154.3333333,0,2.416666667,0,324.8333333,0,1956.75,0.416666667,208.75,213.9166667,68.66666667,0.166666667,0,80,0.916666667,604.75,1.083333333,2.833333333,1.916666667,1237.833333,0,34.5,0,3.416666667,417.25,0,314.25,7.333333333,0.5,1391.166667,2.75,4123.333333,714.5,0,0.083333333,1342.25,6.583333333,391.25,3590.75,0.166666667,18553.08333,149.25,110.6666667,0,990.4166667,43.75,1508.166667,0.083333333,5.083333333,0.083333333,0,2624.833333,3.833333333,7.416666667,3.833333333,6.083333333,4.083333333,137.4166667
Florida_tomato_field,4.25,6.75,0.25,0,1002,146.5,2.75,108.5,0,0,1,24.25,192.5,0,436.5,1,0,4154,5641.25,6,84,0,2685.25,224.25,0,0.75,0,2,0,3801.5,0,0,63.75,0,317.75,0,6.75,0,243.25,0,910,0,169.5,350,7,0,0,23.75,0,2703.5,0,71.25,0,902.25,0,7.5,0,0.25,238,0,294.25,1,0,2281.5,0,2107,216,0,0,1063,0,265.75,2283.25,0,13783,145.5,21.5,0,82,8.5,989.5,0,0.25,0,0,4599.25,0,10,1.75,2.25,1.5,3
France_transitional_bog_1,1,0.5,0.285714286,0.071428571,233.6428571,19.85714286,0,25.28571429,0,0,17.14285714,27.42857143,30.21428571,0,68.21428571,0.571428571,0,6105.714286,959.2857143,0,147.5714286,0,774.8571429,185,0,0.714285714,0,0,0.928571429,418.7857143,0,0.071428571,280.2142857,0,0,0,0,0.142857143,117.6428571,0,431.9285714,0,128.1428571,0,67.14285714,0,0,16.42857143,0.428571429,123.9285714,0,8.857142857,0,48.35714286,0,0.571428571,0,0,3.428571429,0,18.35714286,0.071428571,0.357142857,3.785714286,0,926.8571429,25.14285714,0,0.071428571,348.8571429,0.071428571,180.6428571,3465.857143,0,6904.928571,445.7142857,39.78571429,0,91.92857143,2.285714286,7.142857143,0,0.285714286,0,0.071428571,2516.5,0.285714286,599.5,1,0,1,0.071428571
France_transitional_bog_2,1.285714286,0.428571429,0,0.5,783.7142857,30.71428571,0,119.2857143,0,0,43.42857143,102.5714286,129.2857143,0,142.2857143,0.857142857,0,9502.857143,1616.214286,0,209.7142857,0,1380.214286,272.8571429,0,1.714285714,0,0,2.071428571,933.2142857,0,0.071428571,384.2857143,0,0,0,0,0,259.8571429,0,1233.928571,0,217.4285714,0,116.3571429,0,0,30.35714286,0.5,341.9285714,0,17.85714286,0,104.2142857,0,1.428571429,0,0,10.14285714,0,50.57142857,0.857142857,0.857142857,13.5,0,1532.857143,52.42857143,0,0.857142857,1129.357143,0,387.9285714,6137.214286,0,11526,707.9285714,57.85714286,0,314.7142857,8.071428571,9.5,0,0.214285714,0,0.642857143,3904.428571,2.5,939,2.214285714,0,6.071428571,0.857142857
French_Pyrenees_fen,18,13,13.44444444,2,566.2222222,27.22222222,0,100,0,0,16.33333333,309.3333333,42,0,317.5555556,0.888888889,1.222222222,6471,1764.555556,1.333333333,110.1111111,0,3766.888889,177.5555556,0.777777778,0.777777778,0.111111111,5.444444444,48.77777778,4045.888889,0,1.222222222,140.2222222,1.666666667,57.22222222,0,4.666666667,0.222222222,108.1111111,0,1892.777778,0,179.5555556,23.77777778,72,1,0,111.1111111,0.666666667,604.6666667,6.444444444,0.111111111,3.888888889,1235.222222,0,35.77777778,0,8.222222222,604.2222222,0,579.5555556,1.444444444,0.333333333,529.5555556,2.222222222,1555.555556,212.2222222,0,18.55555556,1657.555556,2.444444444,467.1111111,3018.444444,0.111111111,12217.66667,118.3333333,155.2222222,0.333333333,491.4444444,27.77777778,124.4444444,0,12.22222222,0,0,3014.666667,14.77777778,72.22222222,9,7,3.777777778,115.3333333
Iceland_drained_fen,0.375,4.25,1,0.25,119.125,18.125,0.625,25.75,0,0,3.375,30.875,51.25,0,69.125,0.25,0,2957.125,1202.875,0,39.875,0.125,1284.125,92.25,0,0.625,1.75,0.125,2.5,1609.5,0,0,31,0,0,0,0,0,44.625,0,802.625,1.25,80.625,0.375,13.875,0,0,14.625,0.375,198.875,0.25,0,1.5,123.625,0,3.75,0,2.875,72,0,167.375,0.125,0,134.125,4.625,732.875,14.75,0,0.375,758.375,0,378,868.875,0.125,5603.25,39.25,11.5,0,113.5,5.5,141.375,0,8.625,0,0,1072.5,1.375,26.625,3.5,1.125,0.25,3.125
Iceland_drained_fen_2,0.25,0.5,0,0,3.25,12,0,3.25,0,0,0.5,3.25,1.5,0,76.25,3.25,0,4091.5,3566.75,0.25,206.75,0,3107.75,156.75,0,0.5,0,0,0,1972.75,0,0,56.75,0,0,0,0,0,90,0,717.25,0,118.25,4.25,8.25,0,0,22.75,0,448.25,0,0,0,704,0,1.25,0,0,105.5,0,50.25,0.25,0,100.25,0,1601,21.75,0,1,134.75,0,224,2388.25,0,8014.75,16,35.75,0,13.75,16,2.75,0,0,0,0,2386,0,38.75,0.25,2,0.75,0.5
Iceland_fen_1,4.5,12.25,25.25,0,160.75,160.75,0,123.75,0,0,11,303.25,34.25,0,99.75,0.5,0,3676,2510.75,0.75,136.75,0.5,5038,160.25,0,4.25,25.5,0,22.25,3997.75,0,7.25,59,0,0,0,0,0,60.25,0,1674,0,223.5,2.75,28.75,0,0.25,72.75,1.25,511,2.5,0,5.25,377.5,0,11.5,0,5.5,149.5,0,621,1,1,256.5,1.75,1452.5,12.75,0,42.25,1999.5,0.75,766.5,1099.75,1.5,8435.25,8.75,14.5,0,199.25,33.75,203,0,14.5,0,0,2873,19.25,15.5,8.75,8,5.25,28.5
Khabarovsk_drained_fen,0,0,0.2,0,901.6,297.4,0,250.2,0,0,1.8,46.8,44.8,0,101.2,0.4,0.2,8145.8,1887.6,0,121.6,0,1812.4,129.6,0,0.2,0,0,24,9710.2,0,28.4,83.4,0,2.2,0,0.4,0,40.2,0,394.4,0,174,0,76.2,0,0,28.6,4,254,0.4,139.2,0,475.8,0,3.6,0,0,44.8,0,16.6,0.6,0.2,62,0,1080.2,23,0,0.2,283.6,0,382.2,2224.8,0,5849.8,314.4,4.6,0,87,16.4,14,0,0,0.4,0,6978.4,1.2,809.6,2.6,1.8,3.4,1.4
Khabarovsk_fen,4.333333333,0.666666667,1.333333333,0,1014,898.3333333,0,1329.333333,0,0,5.333333333,238.6666667,84,0,189.6666667,1,0,8723.666667,1701.333333,0,230.6666667,0,8121.333333,252.3333333,0.333333333,0,0.666666667,0,40.33333333,9113,0,89.33333333,237,0,0,0,3.666666667,0,78,0,2021.333333,0,320,0,83.66666667,0,0,113.6666667,18.66666667,692.6666667,1.666666667,0.333333333,0,567.6666667,0,26.33333333,0,5.333333333,324.3333333,0,386,7.333333333,1.333333333,111.6666667,0,2285.666667,0,0,14.33333333,1777.333333,0,1138,2174.333333,0,10979,49.33333333,6,0,439,50.66666667,63.66666667,0,0,2.333333333,0,2952.333333,10.33333333,30.66666667,14,8.333333333,9,7.333333333
Kyrgyzstan_drained_fen,6,0.625,8,0,89.25,47.375,0,23.5,0,0.125,4,109.75,11.875,0,170.25,0.375,0,4116.75,1843.25,0.75,69.875,0,3891.625,183.75,0,1,0.5,0.625,4.75,2876.25,0,0.375,96.625,0,0,0.125,0,0,59.625,0,820.625,0,219.75,51.875,12.125,0.5,0.125,44,0.125,608,0.25,0,0,522,0.75,18,0,1.125,190.625,0,328.25,1.625,0,534.125,1.125,1688.375,654.25,0,15.75,382.5,7.75,534,2116.5,0.125,10292.5,135.875,25.5,0,79.5,16.625,15,0,0.875,0.125,0,1930.875,0.375,9,1,8.625,0.25,13.125
Kyrgyzstan_fen_1,5.875,0.5,0.625,0,73.875,25.25,0,13.25,0,0,4.5,144.75,18,0,100.875,0.125,0,1711.125,2111.75,0.25,92.125,0,3265.5,104.625,0,1.625,9.375,0.875,191,2383.875,0,4.875,123.25,0,0.125,0.5,0,0,59.25,0,1216.375,0,128.125,10.625,17.5,0,1.75,46.75,1.5,262,17.125,0,0.375,250.75,0,12.375,0,4.625,233.25,0,206.125,0.75,0.125,123.625,0.25,677,196.875,0,36.5,311,1.5,369.625,1114.25,2.625,6846.5,29.375,21.25,0,79.5,12.125,34.25,0,6.5,0,0,1301.875,2.25,7.625,3.125,4.75,1.125,21.5
Kyrgyzstan_fen_2,6.25,1.75,7.375,0,158.625,85.25,0,118.125,0,0,8.25,266.375,73.625,0,119.875,0.625,0,1913.75,1676.5,0.375,132.625,0,4862.875,106,0.625,4.625,33.5,6.75,47.5,3957.5,0,25.25,107.875,0,0,0,0,0,42.625,0,2283.125,0,79.625,16.5,18.625,0.25,11,52.75,0.125,538.625,4.625,0,3.875,123.625,0,28,0,20.875,254.5,0,139.125,2.375,0.75,111.625,10.625,611.25,182.25,0,51.5,264.5,1.125,285.5,1304.5,4.75,6780.375,25.125,21.125,0,236.25,26.625,91.125,0.25,37,0,0,1576.5,5.375,8.5,12.125,15,2.625,48.125
Mexico_chinampa_1,6.111111111,7.555555556,0.222222222,0,755.5555556,2,0,11.11111111,0,0,0,29.22222222,29.77777778,0,102.5555556,0.555555556,0,1745.111111,2431.888889,0.555555556,58.55555556,0,2113.777778,244,0,0,0,10.44444444,0.222222222,1441,0,0,174.7777778,0.111111111,10.33333333,0,0,8.666666667,35.55555556,0,62.66666667,0,42.33333333,139.6666667,2.222222222,0,0,16,0,738.6666667,0.111111111,3.222222222,0,1207.111111,0,24.11111111,0,0.555555556,73.22222222,0,28.11111111,0,0.111111111,281.2222222,0,942.8888889,193.8888889,0,0.222222222,183.6666667,0.444444444,113.1111111,1686.444444,0,6268,33.88888889,38.44444444,0,5.111111111,28.77777778,8.666666667,0,0.111111111,0.444444444,0,606.7777778,0,2.111111111,0,4.777777778,0,16.77777778
Mexico_chinampa_2,7.888888889,6.666666667,0,0,1055.555556,4.111111111,0,9.222222222,0,0.333333333,0.111111111,51,7.111111111,0,174.3333333,1,0,2867.666667,3099.222222,0.222222222,46.44444444,0,2558.888889,213.8888889,0,0,0,102.3333333,0.444444444,2345.444444,0,0,64.11111111,0,21.11111111,0,0.666666667,9,117.8888889,0,240.4444444,0,91.66666667,361.3333333,8.111111111,0.444444444,0,39.55555556,0,766.8888889,0,2.555555556,0,1501.666667,0,54.55555556,0,0.111111111,171.3333333,0,78.44444444,0.444444444,0.111111111,566.3333333,0,1325.555556,438.3333333,0,0,492.6666667,0.555555556,216.2222222,2923.333333,0,9820.111111,109.8888889,46.88888889,0,20.88888889,37.11111111,1.777777778,0,0,0.111111111,0,959.2222222,0,3.444444444,0,7.333333333,0.333333333,22.66666667
Mexico_fen,43.33333333,8.777777778,0,3.333333333,118.5555556,60.55555556,2.333333333,136.5555556,0.111111111,0,10.88888889,84,88.11111111,0,113.7777778,0.555555556,18.55555556,1919.333333,1011.111111,0,53,0,3856.777778,302.3333333,0,6.333333333,0.888888889,257.8888889,165.4444444,5273.333333,0,2.222222222,742.1111111,0.111111111,2.888888889,0,1.555555556,43.11111111,82.77777778,0,1222.888889,0,34.55555556,0.666666667,14.44444444,0.777777778,0.888888889,36,0,558.6666667,49.88888889,1.333333333,0.333333333,430.8888889,0,31.11111111,0,1.333333333,96.44444444,0,61.88888889,2.444444444,0,89,0,1080.333333,50.66666667,0,1.555555556,329.6666667,1.777777778,402.5555556,1567.333333,1.444444444,7304.666667,7.666666667,40.11111111,0,170.4444444,21.55555556,88.33333333,0,6.888888889,0.333333333,0,998.4444444,6.555555556,9.666666667,6.222222222,3.666666667,1.444444444,22.44444444
Montana_Bog_1,1.111111111,0.111111111,0,0,8.444444444,75.11111111,0,5,0,0,0.111111111,36.88888889,5.666666667,0,223.2222222,9.333333333,0,6807.222222,7191,0.111111111,338.8888889,0,14042.33333,648,0,1.777777778,0,0.222222222,0,3210.555556,0,0,317.4444444,0,0,0,0,0,268.4444444,0,480,0,271.1111111,34.77777778,21.55555556,0,0,180.8888889,0,463.3333333,0.111111111,0,0,883.5555556,0,11.55555556,0,0.111111111,559.6666667,0,163.5555556,1.444444444,0.555555556,71.66666667,0,3130.222222,48,0,1.666666667,151.1111111,0,721.7777778,5834.777778,0,26646.66667,35,79.77777778,0,124.6666667,55.88888889,2.777777778,0,0,0,0,7295.444444,0,55.33333333,0,9.444444444,0.666666667,21
Montana_bog_2,11.22222222,2.333333333,2,0,263.4444444,227.7777778,0,80.77777778,0,0.111111111,1.777777778,114.6666667,17,0,432.2222222,1.333333333,0.222222222,8409.444444,4964.444444,3.444444444,164.5555556,0,8327.888889,597,0,0.111111111,0,0.777777778,1.222222222,4476,0,0.222222222,836,0,0.111111111,0,0,0,220.8888889,0,1005.777778,0,396,155,16,0,0,115.2222222,0.222222222,761.5555556,0,0.444444444,0.111111111,981.6666667,0,44.33333333,0,0.777777778,499.1111111,0,313.4444444,1.555555556,0,942,0,3526,631.5555556,0,4.333333333,1071.444444,3.777777778,591.8888889,5721.333333,0.222222222,24063.33333,210,72,0.111111111,80.44444444,37.55555556,90,0,0,0,0,4607.888889,0.111111111,5,0.222222222,19.11111111,0.222222222,26.88888889
Morocco_bog_1,7.555555556,0.444444444,0,0,17,10.77777778,0,3.555555556,0,0,15.11111111,53.88888889,4,0,56.88888889,0.666666667,0,3159,701.1111111,0,89.55555556,0,1816.333333,225.7777778,0,1.222222222,0,0,6.444444444,989.2222222,0,0,262.5555556,0,0,0,0,0,71.88888889,0,218.6666667,0,235.3333333,0,185.2222222,0,0,103.1111111,0.444444444,240.2222222,0.111111111,0.222222222,0,84.77777778,0,0.777777778,0,0.333333333,29.66666667,0,31.66666667,0.777777778,0,27.11111111,0,574,0.888888889,0,0.222222222,43.33333333,0,189.8888889,1852.333333,0,4399.666667,47.66666667,19.33333333,0,33.55555556,2.777777778,1.555555556,0,1.555555556,0,0.777777778,3138.888889,0.333333333,107.1111111,0.111111111,0.222222222,0.444444444,0.222222222
Morocco_bog_2,5.233333333,11.1,0.6,7.9,1591.033333,32.46666667,0.8,62.53333333,0,0,58.2,104.3,151.8333333,0,170.9666667,1.066666667,0.8,12898.53333,1154.1,0.133333333,200.2666667,0,1956.3,495.2666667,0,1.033333333,0.1,0.166666667,0.7,5727.633333,0,0.066666667,382.6333333,0.033333333,3.3,0,0.133333333,0,159.2333333,0,1172.2,1.333333333,462.8666667,0,80.33333333,0,0,52,0.533333333,790.1333333,0.2,4.8,0.066666667,198.7666667,0,2.7,0,0.966666667,84.26666667,0,228.4333333,1.366666667,1.533333333,191.3,0.066666667,1420.133333,93.06666667,0,1.366666667,1803.533333,0,499.5666667,5137.6,0,10632.13333,407.3333333,95.9,0,274.0666667,8.166666667,221.0666667,0,1.266666667,0.366666667,0.933333333,3897.4,5,270,1.433333333,0.1,0.966666667,5.866666667
Myanmar_drained_fen_1,7,8.214285714,2.142857143,1.571428571,416.4285714,57.57142857,0.142857143,55.42857143,0,0,0.428571429,93.28571429,20.21428571,0.071428571,118.3571429,0.428571429,1.142857143,1949.142857,1677.714286,0.785714286,56.85714286,0,1547.142857,109.9285714,0.071428571,0,1.5,26.71428571,12.92857143,2417.928571,0,0.785714286,235.7142857,0.428571429,8.928571429,0,1.285714286,0,51.71428571,0,442.3571429,0,42.64285714,54.92857143,14,0.5,0.071428571,17,0,430.6428571,0.428571429,2.357142857,0.142857143,481.6428571,0,15.42857143,0,0.857142857,195.5714286,0,77.64285714,0.5,0.071428571,226.6428571,0.071428571,844.5714286,191.2142857,0,1.214285714,380,1.142857143,114.0714286,1510.071429,0.142857143,5093,48.92857143,29.78571429,0,116,17.64285714,200.7857143,0,1.285714286,0.357142857,0,579.5,0.285714286,2.714285714,2.214285714,6.785714286,3.142857143,29.71428571
Myanmar_drained_fen_2,10.75,20.25,3.333333333,8,1127.75,73.5,2.916666667,143.5,0.083333333,0,2.416666667,103.1666667,87,0.083333333,134.25,0.416666667,1.666666667,2237.25,1300.833333,1.166666667,64,0,1659.666667,127.5,0.083333333,0.083333333,0.5,56.58333333,18.41666667,3026.75,0,0.25,140.4166667,1.666666667,28.16666667,0,1.583333333,0,65.83333333,0,527.5,0,56.08333333,91.58333333,17.08333333,0.25,0.083333333,27.25,0.083333333,350,5.25,10.08333333,0.083333333,519.25,0,17.41666667,0,1.083333333,249.4166667,0,103.5833333,1.166666667,0.083333333,465.25,0.5,1063.333333,349.4166667,0,5.25,452.0833333,1.75,138.25,1975.083333,0.25,5907.416667,58.33333333,35.83333333,0,168.5833333,22.91666667,314.75,0.083333333,3.083333333,0.333333333,0,676.5833333,0.666666667,3.083333333,4.416666667,9.583333333,1.916666667,49.66666667
Myanmar_fen,9.7,19.9,5.9,3.2,236.9,92.2,0.2,225.4,0.1,0,4.5,128,60.3,0.1,119.4,0.5,2.3,1465.7,703.7,1.6,45.6,0,2855.5,165.8,0.1,0.1,1.7,22.1,135.4,2239.7,0,1.2,120.4,0,12.4,0,0.6,0,41.3,0,801.2,0,72.9,28.1,27.1,0.2,0.4,69.3,0.2,308.9,14.1,0.1,0.6,193.7,0,17.8,0,5.6,173.1,0,45.6,3.3,0,115.5,2.4,992.4,304.9,0,1,274.1,1.6,167.5,1732.9,0.2,6261.6,20.6,26.7,0,439.2,16.9,142.3,0,4.8,0,0,1002.3,2.7,3.7,3.2,7.6,1.2,59.1
New_Zealand_drained_fen_1,0,0,0,0,304,16,0,0.333333333,0,0,0,2.666666667,3.666666667,0,47,1.333333333,0,6671.333333,3596.666667,0,85.33333333,0,1738.333333,100.3333333,0,0.666666667,0,0,0.333333333,781.3333333,0,0,71.66666667,0,0,0,0,0,66.33333333,0,177.6666667,0,96.66666667,0,120,0,0,32.66666667,0,727.6666667,0,4.666666667,0,269,0,4.666666667,0,0,35.66666667,0,19.33333333,0,0,0,0,1456.333333,2,0,0,39.66666667,0,55.33333333,1327,0,7319.333333,105.3333333,19.66666667,0,13.66666667,9,0.666666667,0,0,0,0,1939.666667,0,242.6666667,0.666666667,9.333333333,0.666666667,0
New_Zealand_drained_fen_2,0.333333333,0,0,0,9,15,0,0.666666667,0,0,0.333333333,6,1.333333333,0,75.66666667,4.666666667,0,6508.666667,2765.333333,0,140,0,2370,103,0,0,0,0,0,1508.666667,0,0,86.33333333,0,0,0,0,0,134,0,281.6666667,0,14,0,5.666666667,0,0,26,0,699.3333333,0,1,0,145.6666667,0,6.666666667,0,0,42,0,40.33333333,0.333333333,0,0,0,651.3333333,14.66666667,0,1,7.666666667,0,223.3333333,3476,0,10157,115.3333333,10,0,16,5.333333333,0.333333333,0,0,0,0,1504,0.333333333,222.3333333,0,20.66666667,0.333333333,4.666666667
New_Zealand_fen_1,1.333333333,0,0,0,1.333333333,0,0,0.333333333,0,0,2,1,0.333333333,0,183,0.333333333,0,10730,504,0,356,0,791.6666667,423.6666667,0,1,0,0,0.333333333,341.3333333,0,0.333333333,456,0,0,0,0,0,74.66666667,0,4.333333333,0,64.33333333,0,25,0,0,0.666666667,0,41.66666667,0,0,0,4,0,0,0,0,2,0,1.333333333,0,4.333333333,1,0,1248,0.333333333,0,0,0.333333333,0,49,2380.666667,0,15974.66667,6,9,0,76.66666667,0,0,0,0,0,0,4163,0,456.6666667,0,0,0,2.666666667
New_Zealand_fen_2,0,0,0,0,47,73,0,22,0,0,0.666666667,3.333333333,4.333333333,0,36,0,0,1820,348.3333333,0,37.33333333,0,579.3333333,96.33333333,0,0,0,0,0,70.33333333,0,0,109.6666667,0,0,0,0,0,39,0,142,0,46.33333333,0,61,0,0,26.33333333,0.333333333,45.66666667,0,0.333333333,0,22,0,0,0,0,1.666666667,0,7,0,0,1.666666667,0,450,1,0,0,57,0,81.66666667,1288,0,3463.333333,73.33333333,2,0,35.66666667,0.333333333,0.333333333,0,0.333333333,0,0,1150,0.666666667,252,0,0,1.333333333,0
Pantanal_pasture_1,2.625,5.625,10.625,0,64.5,148.5,0.5,148.75,0,0,2.875,65.25,42.5,0,99.875,0.25,0,3046,1433.875,0,84.625,0,583.75,209.25,0.125,1.125,0.625,0.125,0,4691,0,0.25,137.75,0,0.875,0,1,0.5,16.875,0,361,0,80.625,5,12.5,0,0,49.75,0.875,2525.625,9.375,1.875,0,312.875,0.125,3.375,0,1,49.25,0,11.5,0.875,0,88.125,2.75,1017.5,2.125,0,0,11.25,0,144.625,952.5,0,2759,32.125,7.5,0,97.5,14.5,37.625,0,0.375,3.625,0,1264.625,6.25,55.375,0.25,1.125,6.875,12.5
Pantanal_pasture_2,9.125,34.625,48.75,1,393.375,1120.25,0.75,817.5,0,0.125,18.25,357.375,201.75,0,215.625,0.125,0,4877,2698,0,191.75,0,2912,401,0.625,1.25,6.25,0.25,1.25,7143.625,0.875,5.375,924.125,0,0.125,0,0.375,0.625,62.875,0,1010.75,0,133.875,0,55.375,0,0,145.875,4,2567.375,7.5,0.75,0,392.5,0.125,31.125,0,7.25,182.875,0,10.25,8.5,1,196.625,9.75,2616,1.25,0,0.125,20.875,0.875,211.875,2161.375,0,8040.375,31.125,60.875,0,642,36.375,178,0,19.875,2.625,0,2188.875,3.875,83.625,6,4,13,105
Pantanal_pasture_3,77.875,120.5,61.125,96.625,965.5,901,11.75,859.875,0,0.5,62.625,1162.125,647.875,0,281.125,0.25,8.75,4611.5,1320.75,1,181.125,0,3597.875,193.375,0.75,1.125,12.375,2.875,1.125,8144.75,0,104.125,975.875,0,0,0,9.375,1.5,42.375,0.5,1818.375,0,244.25,0,83.5,0,6.25,156.25,5,1163.5,17.625,0.125,0.625,625.125,0.375,42.5,0,30.75,345.125,0,85.25,15.5,1.125,244,24.75,2984.25,0.375,0,6.625,338.125,0.125,828.5,2472.25,1.25,5470.625,86.25,57.375,0,1343,42.75,782.375,0,93.875,5.375,0,3712,71.125,64.25,4.375,26.5,12,146.875
Pantanal_swamp_forest,4.75,10.625,9,0.625,309.75,330.625,0.375,401.875,0,0,3.625,112.25,82.375,0,108.625,0.125,0,8857.75,2495.875,0,111.375,0,1588,318.5,0.375,0.75,0.375,0,0.125,7801.25,0.125,2,482.75,0,7.75,0,0.25,0.625,56.875,0,1025.875,0,179.75,8.25,69.75,0,0,64.875,1.875,838.25,30.75,15.5,0,304.375,0,6.875,0,1.125,96.125,0,26.125,3.125,0.25,282.875,0,2083.75,6.75,0,0.125,39.375,0,146.375,2352.75,0.125,8056.25,263.625,22.125,0,374.125,19.25,302.75,0,6.875,0,0,4222.625,3.5,120,1,1.25,5.375,18.625
Quebec_drained_bog,5.714285714,3.571428571,0.142857143,0,477.8571429,9.571428571,0,66.28571429,0,0,1,84,66.85714286,1.142857143,148.1428571,3.285714286,0,9363.714286,5443.285714,0.857142857,338.4285714,0,3537,345.4285714,0,1.428571429,0.428571429,0.142857143,29.57142857,2828,0,6,396.7142857,0.285714286,4.571428571,0,0,0.142857143,130.4285714,0,861.7142857,0,174,16.14285714,42.85714286,0.142857143,0,50.14285714,0.285714286,649.1428571,13.71428571,3.428571429,0,1618.571429,0,18.85714286,0,0.571428571,274.4285714,0,63.28571429,6.571428571,0,315.8571429,0,1363.571429,53.57142857,0,0.142857143,287.2857143,0.428571429,708.1428571,2805.142857,0,14592.71429,150.8571429,45.85714286,0,252.2857143,61.85714286,2.285714286,0,0,0,0,2473.428571,0.571428571,166.8571429,4.428571429,6.285714286,13.42857143,22.57142857
Quebec_transitional_bog,0,0,0,0,8604,0,0,14,0,0,24,0,4802,0,55,0,0,60720,2482,0,53,0,971,195,0,1,0,0,1,898,0,0,504,0,0,0,0,0,806,0,506,0,308,0,274,0,0,3,0,265,0,247,0,86,0,0,0,0,7,0,0,0,0,0,0,1052,0,0,0,529,0,79,9508,0,22972,8449,1,0,58,7,2,0,0,0,0,11449,0,1290,2,0,0,0
Romania_bog_1,0,0,0,0,88.33333333,79.33333333,0,4.666666667,0,0,2.666666667,0,19,0,102,0,0,16235.33333,1063.666667,0,95.66666667,0,524.6666667,205.6666667,0,0.333333333,0,0,6.666666667,15.33333333,0,0,808.3333333,0,0.333333333,0,0,0,140.3333333,0,28,0,20,0.333333333,35.66666667,0,0,5.666666667,0,74,0,1.333333333,0,19.33333333,0,2,0,0,4.666666667,0,0,0,0.666666667,0.333333333,0,399,0.666666667,0,0,5.666666667,0,34.33333333,2802,0,7284.333333,1371.666667,0,0,2.333333333,0,0,0,0,0,0,2977.333333,0,764,0,0,0,0
Romania_bog_2,0,0,0,0,416.7777778,126.6666667,0,448.7777778,0,0,1,0.111111111,84,0,95.55555556,0.222222222,0,23907.11111,1090.222222,0,57.33333333,0,324,208.3333333,0,0.111111111,0,0,8,207.8888889,0,0.222222222,272.2222222,0,0,0,0,0,357.4444444,0,501.4444444,0,16.11111111,0.111111111,48.22222222,0,0,3.666666667,0,163.7777778,0,0.444444444,0,9.333333333,0,0.111111111,0,0,7.555555556,0,0.111111111,0,0,0.111111111,0,305.7777778,0,0,0,21.44444444,0,36.22222222,2250.444444,0,9168.555556,546.2222222,0.333333333,0,12.88888889,1.222222222,0.111111111,0,0,0,0,2479.111111,0,361.1111111,0.111111111,0.111111111,2.111111111,0.111111111
Romania_bog_forest_1,1.333333333,1.333333333,0,0,247.3333333,71.66666667,0,46.33333333,0,0,4,68.33333333,26,0,189,1.666666667,0,16741.66667,3412.333333,0,228,0.333333333,2708.333333,385.3333333,0,0.333333333,0,0,7.666666667,1811.666667,0,0,262.6666667,0,0,0,0,0,148.6666667,0,489,0,405,0,122,0,0,137.6666667,1,377.6666667,0,8.333333333,0,156.3333333,0,2,0,0,76.66666667,0,72.66666667,0.333333333,1.666666667,10,0,2520,0.333333333,0,0.666666667,349.3333333,0,758.3333333,3805.333333,0,23075.33333,321.3333333,16.33333333,0,143,16.33333333,10.66666667,0,0,0,0,4935.666667,3,317.6666667,1.333333333,0.666666667,5.333333333,0
Romania_bog_forest_2,0,0,0,0,331.625,25.125,0,36.5,0,0,0.5,0,97,0,68.875,0.5,0.125,24170.5,1201.25,0,41.625,0,425.75,119.875,0,0,0,0,7.375,156.25,0,0,472.5,0,0,0,0,0,178.875,0,326.5,0,45.5,0.25,48.5,0,0,4.625,0,158,0,0.5,0,18,0,0.625,0,0,8.75,0,3.375,0,0,2,0,472.625,0,0,0,142.25,0,25,2232.625,0,9729.125,771.125,0,0,7.875,2.5,1.625,0,0,0,0,2625.375,0,323.5,0.5,0,3,0.125
Siberia_bog,0.111111111,0,0,0,89.33333333,51.55555556,0,169.2222222,0,0,0.555555556,0.333333333,17.22222222,0,105.4444444,0.888888889,0,15674.66667,906.2222222,0,223.8888889,0,738.3333333,289.3333333,0,0.222222222,0,0,10.66666667,210,0,0,412.8888889,0,0,0,0,0,200.6666667,0,181.3333333,0,22.77777778,0,40.55555556,0,0,0.222222222,0.444444444,275.1111111,0,0,0,3.888888889,0,0,0,0,2.111111111,0,0.111111111,0,11.22222222,0,0,310.7777778,0.111111111,0,0,44.66666667,0,38.44444444,3106.333333,0,9284,10.11111111,0.444444444,0,10.44444444,3,1.111111111,0,0,0,0,6065.444444,0,1787,0,0,3.555555556,0
Siberia_bog_forest,0,0,0,0,54.33333333,0.25,0,0.833333333,0,0,0.416666667,0.416666667,4.833333333,0,192.9166667,2.166666667,0,8514.5,2980.75,0,401.3333333,0,2546.916667,647.9166667,0,0.166666667,0,0,1.416666667,20.16666667,0,0.083333333,1143,0,0,0,0,0,168.8333333,0,15.16666667,0,30.75,0,116.3333333,0,0,0,0,76.5,0,0.25,0,23.66666667,0,0.333333333,0,0,0.25,0,0.166666667,0,1.75,0.25,0,584,0.083333333,0,1.75,0.666666667,0,194.9166667,3225.666667,0,16449.83333,64.25,0.583333333,0,6.75,0,0.75,0,0,0,0,5360.666667,0,2061.333333,0,0,0,0.083333333
Siberia_fen,1.5,1,1.333333333,0,473.8333333,198.3333333,0,101,0,0,0,200.3333333,17,0,70.5,0.5,0,6556.333333,2280.666667,0,86.16666667,0,2697.5,106.6666667,0,0.333333333,0,0,134.6666667,3001.833333,0,3.833333333,154.1666667,0,0,0,0.333333333,0,103.3333333,0,1485.5,0.166666667,289.5,0,15.33333333,0,0,31.16666667,1.166666667,616.3333333,10.5,0,0.166666667,610.3333333,0,4.5,0,0,50.66666667,0,141,0.166666667,1.666666667,87.33333333,0,828.8333333,10.33333333,0,0,555.3333333,0,730.6666667,1158.166667,0,7697,132.8333333,4,0,162.3333333,15.16666667,98,0,0.666666667,0.166666667,0,2487.5,1.833333333,148.3333333,7.333333333,1,3.5,0.833333333
Taiwan_fen,36.27777778,218.2222222,95.88888889,32.22222222,1912.777778,659.2777778,8.555555556,881.3333333,0,5.277777778,121,1143.722222,616.1666667,0.055555556,378.6111111,0.666666667,14,7258.055556,1301,1.555555556,215.7222222,0,5734.166667,467.2777778,6.444444444,1.666666667,1.166666667,2.777777778,15.5,5233.444444,0,19.55555556,237.8333333,0,1,0,7.833333333,0.055555556,173.8888889,1.611111111,5743.833333,6.666666667,455.2222222,11.22222222,94.16666667,0.388888889,0,342.3888889,5.666666667,2422.277778,58.11111111,2.5,3.777777778,330.6111111,0,40.22222222,0,31.11111111,328.2777778,0,257.0555556,21.05555556,3.555555556,370.8333333,7.777777778,3881.166667,37,0,18.38888889,2137.888889,3.777777778,1585.555556,3602.388889,0.222222222,19770,145.5,175.1111111,0.444444444,1584.166667,39.5,628.1111111,0,69.38888889,0.888888889,0.166666667,3314.277778,115.3888889,51.88888889,10.72222222,16,10.88888889,160.9444444
Taiwan_recreation,35.66666667,227.5555556,174.1111111,55.66666667,1659.055556,688.8333333,10.72222222,1887.722222,0.055555556,1.888888889,173.6666667,1147.5,1256.111111,0,389.0555556,0.555555556,66.72222222,5419.333333,892.2222222,2.5,235.2222222,0,8563.222222,326.5555556,1.333333333,2.444444444,31.66666667,20.88888889,5,8695.333333,0,273.5,453.6666667,0,0.722222222,0,6.555555556,0,157.0555556,1,6483.333333,5.444444444,378.2777778,1.277777778,107.9444444,0.555555556,4.222222222,401.7222222,9.555555556,1610.722222,16.66666667,1.333333333,24.5,208.0555556,0,77.44444444,0,120.5555556,490.0555556,0.5,124.5555556,26.94444444,2.555555556,315.5,52.61111111,3453.388889,11.16666667,0.333333333,17.05555556,1555.888889,3.333333333,1534.611111,3133.5,0.833333333,8409.277778,34.88888889,351.7222222,0.722222222,2818.333333,67.05555556,1067.888889,0.5,153.1111111,0.611111111,0.111111111,3229.111111,171.1111111,15.44444444,18,40.05555556,8.444444444,367.3333333
Tasmania_blanket_bog,0,0,0,0,10.33333333,0,0,0.222222222,0,0,1.222222222,0.222222222,0.111111111,0,308.2222222,0.666666667,0,6075,1332.444444,0,166.2222222,0,1596.111111,287.3333333,0,0,0,0,0,306.8888889,0,0,848.1111111,0,0,0,0,0,520.1111111,0,10.88888889,0,35.88888889,0.333333333,5.888888889,0,0,0,0,166.2222222,0,0,0,102,0,0.222222222,0,0,2,0,0.333333333,0,0.111111111,0.333333333,0,646.4444444,0.222222222,0,0,5.111111111,0,19.77777778,2410,0,15382.33333,56,44.88888889,0,95.22222222,0,0.666666667,0,0,0,0,4591.222222,0,859.4444444,0,0,0,1.111111111
Tasmania_drained_fen_1,0,0,0,0,301.3333333,1,0,0.333333333,0,0,2.666666667,2,1.333333333,0,66.33333333,4.333333333,0,10435.66667,14404,0,221,0,2370.666667,165.3333333,0,0.666666667,0,0,5.333333333,1810,0,0,66.66666667,0,0,0,0,0,39,0,202.3333333,0,95,0.666666667,7,0,0,41,0,4730.666667,0,0,0,728.3333333,0,4.333333333,0,0,21.33333333,0,33,0,0,56.66666667,0,3089,1,0,0.333333333,142.3333333,0,244,3807.666667,0,16071.33333,49.66666667,22.66666667,0,4.666666667,24,0.666666667,0,0,0,0,3344.333333,0,109.6666667,0,3.666666667,5,0
Tasmania_drained_fen_2,0,0,0,0,313,2,0,0,0,0,0,5,2,0,61.5,0,0,2739.5,6258,0,63.5,0,2706.5,157,0,0,0,0,0,1248.5,0,1.5,24.5,0,3,0,0,0,40.5,0,329.5,0,9.5,61.5,1,0.5,0,20.5,0,1595,0,0,0,440,0,1.5,0,0,61,0,44,0,0,290.5,0,1614,55.5,0,0,296.5,0,60,1442,0,8888,25.5,18.5,0,6,19.5,0.5,0,0.5,0,0,1104.5,0,15.5,0,2,1,0.5
Tasmania_fen,4.333333333,5.666666667,4.666666667,2,218.6666667,196.6666667,0,201.3333333,0,0,2,150,58,0.666666667,288,0,0,3020.666667,2050,0.666666667,137.3333333,0,5218.333333,293,0,0.666666667,2.333333333,1,253,3544,0,10.66666667,927.3333333,0,3.666666667,0,0.333333333,0,73,0,3541.333333,0,137,0.666666667,38.33333333,1.333333333,0,95.66666667,1,959,25.66666667,0,1,992,0,22,0,5,258,0,228.3333333,2.333333333,0,117.6666667,0,2446.333333,239,0,19,753.6666667,0.333333333,477,2024.666667,0,14583.33333,64,51,0,286,31.66666667,148.6666667,0,5.333333333,0,0,2622.333333,2.666666667,4,6.666666667,9.666666667,3,78.66666667
Tasmania_raised_bog,0,0,0,0,413.4444444,0,0,27.44444444,0,0,0.333333333,46,15.77777778,0,68.22222222,10.11111111,0.111111111,4366.222222,1113,0,74.77777778,0,1320.555556,114.6666667,0,0.111111111,0,0,2.777777778,776.7777778,0,0,33.55555556,0,4.222222222,0,0,0,245.4444444,0,688,0,30,7.333333333,22.11111111,0,0,7,0,107.4444444,0,0.333333333,0,116.2222222,0,2.111111111,0,0,46.11111111,0,65.22222222,0,0.222222222,175.4444444,0,682.3333333,77.88888889,0,0,443.7777778,0,78,1444.777778,0,8143.777778,126.6666667,94.77777778,0,283.6666667,3.333333333,55.55555556,0,0,0,0,1635.777778,0,181.6666667,1,0,0.111111111,3
Tierra_del_Fuego_bog,0.266666667,0,0,0,674.6,4.066666667,0,2.066666667,0,0,13.46666667,6.866666667,169.8666667,0,69.66666667,7.733333333,0,14799.4,2048.733333,0,450.8666667,0,2292.333333,302.1333333,0,0.2,0,0,12.2,255.1333333,0,0,198.6666667,0,0,0,0,0,386.3333333,0,47,0,176.0666667,0.133333333,172.4,0,0,16.4,0,308.4,0,3.333333333,0,75.66666667,0,0,0,0,7.066666667,0,0.266666667,0,0.2,0.266666667,0,1030.6,0.133333333,0,0.066666667,23,0,543,2972.333333,0,10715.4,549.5333333,5.8,0,20.86666667,0.666666667,0.333333333,0,0,0,0,8469.866667,0,636,0,0,1.333333333,0
Tierra_del_Fuego_fen,0.866666667,0.533333333,6.266666667,0,61.66666667,27.93333333,0,24.93333333,0,0.066666667,3.2,30.33333333,6.4,0,73.53333333,0.866666667,0,1659.8,1033.266667,0,39.93333333,0,1289.133333,55.06666667,0,0.466666667,0.6,0,0.333333333,1391.933333,0,0.466666667,16.46666667,0,0,0,0,0,36.86666667,0,584.2,0.066666667,32.26666667,0.4,9.733333333,0,0,25.93333333,0.266666667,85.8,0.733333333,0.066666667,0.6,122.0666667,0,2.266666667,0,0.666666667,85.13333333,0,140.1333333,0.133333333,0.2,182.8666667,0.533333333,513.2666667,142.6,0,0.133333333,86.73333333,0,171.8,989.4666667,0.4,5376.2,12,6.8,0,60.2,4.4,37.26666667,0,15.6,0,0,1058.2,0.266666667,6.466666667,2.533333333,4.4,0.733333333,4.933333333
Uganda_drained_fen_1,3.166666667,11.83333333,1.833333333,13.33333333,928,11,13.16666667,81.16666667,0,0,6.833333333,69.66666667,43.83333333,0.166666667,83.16666667,0.333333333,0.166666667,4442.666667,914.5,0.333333333,99.83333333,0,2098.166667,94.16666667,0,0.166666667,0,0,6.333333333,2193.833333,0,5.833333333,47.16666667,0,15,0,0.5,0,100.3333333,0.166666667,704,0.5,110.3333333,4.333333333,41.5,0.333333333,0,36,0.333333333,188.5,0.333333333,10.83333333,0.5,475.6666667,0,14,0,3.166666667,187.1666667,0,123.5,0.5,0.166666667,253.5,0,997,47.66666667,0,0,577.8333333,0,187.5,1769.166667,0,6850.5,141.3333333,133.8333333,0,335.6666667,17.33333333,511.5,0.166666667,2.166666667,0,0,1470,3.166666667,81,2.5,10,2.666666667,51.5
Uganda_drained_fen_2,1.909090909,2,0.454545455,2.636363636,450.2727273,8,1.636363636,25.54545455,0,0.181818182,9,53.45454545,26.54545455,0.090909091,62.18181818,0,0,3869.636364,993.6363636,0.181818182,77.18181818,0,1560.909091,105.3636364,0,0.181818182,0.272727273,0.818181818,10.81818182,1552.727273,0,6.272727273,30.36363636,0.909090909,5.363636364,0,0.090909091,0,73.36363636,0,499.4545455,0.636363636,86.54545455,18.18181818,27.63636364,0.090909091,0,30.90909091,0.090909091,400.7272727,1.545454545,5.909090909,0.272727273,486.6363636,0,6.272727273,0,0.272727273,133.1818182,0,128.6363636,0.363636364,0.090909091,193.4545455,0,895.5454545,64.54545455,0,0,444.5454545,0,161.5454545,1398.181818,0,6675.363636,130.5454545,98.36363636,0,201.0909091,14.81818182,172.9090909,0,0.090909091,0,0,1173.454545,1.727272727,91.27272727,0.454545455,3.636363636,1.636363636,22
Uganda_fen,3.666666667,2.5,4.833333333,3.166666667,485.3333333,153.1666667,0,153.1666667,0,0,3.333333333,262.8333333,20.83333333,0,54.16666667,0,0.166666667,2678.333333,590,0,43.33333333,0,3006.333333,40,0,0.5,0.333333333,0,188.5,2346.333333,0,174.8333333,42.83333333,0,0,0,0.166666667,0,28.16666667,0,1097.166667,0,44.66666667,0,28.16666667,0.5,0,63,0.333333333,859,0.5,0,0,179.5,0,8.5,0,1.833333333,33.66666667,0,32.5,1.833333333,3.166666667,14,0,498.5,0,0,0,498.6666667,0,245.6666667,813,0,4012.666667,191.8333333,1.833333333,0,483.3333333,13.83333333,22.83333333,0,0.166666667,0.333333333,0,1395.333333,17.16666667,139.1666667,4.666666667,4.166666667,1.333333333,15.16666667
Uganda_rice_paddy,28.16666667,12,8.333333333,30.66666667,919.3333333,107.5,14.66666667,475.8333333,0,0,8.833333333,109.6666667,1918.5,0,370.8333333,1,12.5,3843.333333,2679.333333,0.333333333,206.5,0,2708.333333,141,0,0,0.166666667,12.66666667,5.666666667,10238.5,0,0,2981.666667,0,14.5,0,4,0.166666667,60.66666667,0,2889,0,48.16666667,0.166666667,28,0,0,38.66666667,0,2519.666667,1.833333333,3.333333333,7.333333333,1398,0,27.16666667,0,10.5,207.3333333,0,398.6666667,0,0,555.3333333,3,2694.333333,13.66666667,0,3.166666667,1704,0,2769.5,1994.666667,0.166666667,14704.66667,241.1666667,23.16666667,0,779.5,55.66666667,1364.166667,0,16.33333333,11.16666667,0,2207.166667,0.833333333,2.166666667,3.833333333,2.833333333,5.833333333,40.16666667
Wales_blanket_bog,1.625,0.125,0,1.125,1000.75,7.5,0,253.625,0,0,49.75,141,380.5,0,89.75,1,0,9497,830.25,0,159.875,0,1703.375,107,0,0,0,0,1.5,847.875,0,0,93,0,0,0,0,0,103.25,0,1167.5,0,196.25,0,106.75,0,0,55.375,4.75,44.625,0,2.625,0,31.75,0,2.75,0,0,14.25,0,4.5,0,0.25,26.25,0,943.875,0.125,0,0,1170.125,0,270,2281,0,5604.125,279.25,24,0,265.25,10.5,5.25,0,0.375,0,5.125,4484.5,8.375,395.625,7.875,0,1.875,0
Wales_drained_bog,0.333333333,0,0,0,391.6666667,7.833333333,0,29.83333333,0,0,10.16666667,4.833333333,198.1666667,0,39.5,0.333333333,0,11199,1102.166667,0,182.8333333,0,567.3333333,101.8333333,0,0,0,0,0.166666667,68.66666667,0,0,223.5,0,0,0,0,0,107.3333333,0,642.3333333,0,80.66666667,0,103.5,0,0,4.166666667,0,37.66666667,0,37.83333333,0,33.5,0,0.166666667,0,0,2.166666667,0,0,0,0,0.166666667,0,895,0,0,0,440.5,0,101.3333333,3377.833333,0,8550.333333,1269.166667,9.5,0,119.3333333,3.333333333,0.833333333,0,0,0,0,4079.166667,0,803.3333333,0.333333333,0,0.5,0
Wales_fen,1.625,0,0,0.125,623.5,7.75,0,315,0,0,19.875,377.875,327.625,0,107.5,1.75,0.125,11899.75,1248.25,0,111.875,0,2652.75,145.625,0.125,0,0,0,0.125,1206.625,0,0,175.25,0,0,0,0,0,63.875,0,1319.25,0,127,0.125,110.125,0,0,96.75,0.75,231.375,0,3.75,0,129.75,0,5.25,0,0,55,0,66.375,0.125,0.25,14.375,0,1429.625,45.375,0,0,1182.625,0,408.125,3339.625,0,10890.625,1588.25,32,0,584.5,8.375,20.625,0,0.125,0,1.375,4055.625,42,84.125,3,0.25,1.625,3.125
